Model,Accuracy,Macro Precision,Macro Recall,Macro F1,Weighted F1
Logistic Regression,0.9199255121042831,0.9038208235797037,0.8665901995518679,0.8791821687007291,0.9172015139418895
Random Forest,0.9261328367473619,0.9097184825269428,0.8771397325218443,0.8893991982056666,0.923376463162614
