Model,Accuracy,Macro Precision,Macro Recall,Macro F1,Weighted F1
Logistic Regression,0.9189944134078212,0.8834222405291375,0.8943159861674809,0.8877845789501985,0.9197045332045815
Random Forest,0.9261328367473619,0.9097184825269428,0.8771397325218443,0.8893991982056666,0.923376463162614
